Tick,Timestamp,hash-rate,market-price,transaction-fees,reward
1,2010-08-20 00:00:00,0.004248546862993,0.07,0,6783
2,2010-08-23 00:00:00,0.005520566881853,0.07,0,6750
3,2010-08-26 00:00:00,0.005291603278458,0.07,0,6783
4,2010-08-29 00:00:00,0.004896219949671,0.06,1.1E-06,6917
5,2010-09-01 00:00:00,0.005454017159128,0.06,0.2000003,6767
6,2010-09-04 00:00:00,0.005546983360704,0.06,0,6767
7,2010-09-07 00:00:00,0.004679298812661,0.06,1E-07,6767
8,2010-09-10 00:00:00,0.006059846500232,0.06,0.1100001,6867
9,2010-09-13 00:00:00,0.00581178260841,0.06,0.15,6800
10,2010-09-16 00:00:00,0.006733162778036,0.15,0,6750
11,2010-09-19 00:00:00,0.009581378861137,0.06,0.18,6833
12,2010-09-22 00:00:00,0.007893231157032,0.06,1E-07,6783
13,2010-09-25 00:00:00,0.009216373952141,0.06,0,6750
14,2010-09-28 00:00:00,0.009855132542884,0.06,0.02,6750
15,2010-10-01 00:00:00,0.010226025224322,0.06,0,6767
16,2010-10-04 00:00:00,0.010094922336831,0.06,0.00776625,6767
17,2010-10-07 00:00:00,0.011340399767998,0.06,1.09E-06,6783
18,2010-10-10 00:00:00,0.011274848324252,0.12,0,6783
19,2010-10-13 00:00:00,0.011576863627368,0.1,0,6750
20,2010-10-16 00:00:00,0.016372014242254,0.12,0,6833
21,2010-10-19 00:00:00,0.016646022848819,0.1,0.02,6817
22,2010-10-22 00:00:00,0.016344753440727,0.11,0.00776615,6917
23,2010-10-25 00:00:00,0.022433975310801,0.18,0,6767
24,2010-10-28 00:00:00,0.022968117580106,0.19,0,6800
25,2010-10-31 00:00:00,0.027971775549216,0.19,0,6867
26,2010-11-03 00:00:00,0.030891905963695,0.21,0,6783
27,2010-11-06 00:00:00,0.031045597038141,0.25,0,6800
28,2010-11-08 23:00:00,0.05412080801265,0.36,0.83,6800
29,2010-11-11 23:00:00,0.038561075709013,0.24,0,6767
30,2010-11-14 23:00:00,0.049836244044982,0.3,0,6833
31,2010-11-17 23:00:00,0.059307385447196,0.28,0,6867
32,2010-11-20 23:00:00,0.04608297675357,0.29,1,6900
33,2010-11-23 23:00:00,0.063150745921558,0.29,0.48,6783
34,2010-11-26 23:00:00,0.062468035154839,0.29,0.37,6800
35,2010-11-29 23:00:00,0.084329545522373,0.28,0.03,6800
36,2010-12-02 23:00:00,0.077101298763312,0.25,0.06,6883
37,2010-12-05 23:00:00,0.09637662345414,0.23,0.03,6883
38,2010-12-08 23:00:00,0.100392316098063,0.25,0.04,6817
39,2010-12-11 23:00:00,0.105974736816725,0.23,0.11724798,6800
40,2010-12-14 23:00:00,0.109019987874677,0.23,0.04892339,6850
41,2010-12-17 23:00:00,0.096229933431279,0.25,0.23443294,6900
42,2010-12-20 23:00:00,0.119982891683304,0.27,0.06699317,6867
43,2010-12-23 23:00:00,0.108001742450377,0.25,0.06,6967
44,2010-12-26 23:00:00,0.115921870230071,0.27,0.09564519,6750
45,2010-12-29 23:00:00,0.115201858613736,0.3,0.13574567,6783
46,2011-01-01 23:00:00,0.129602090940453,0.3,0.08915258,6800
47,2011-01-04 23:00:00,0.121596943772684,0.3,0.03129091,6817
48,2011-01-07 23:00:00,0.155644088029036,0.32,0.05352512,6767
49,2011-01-10 23:00:00,0.131324699274499,0.33,0.06884469,6783
50,2011-01-13 23:00:00,0.141052454776314,0.42,0.02493887,6833
51,2011-01-16 23:00:00,0.158561467414078,0.4,0.0862786,6800
52,2011-01-19 23:00:00,0.153978766043729,0.35,0.05,6817
53,2011-01-22 23:00:00,0.155811846591869,0.43,0.46923415,6867
54,2011-01-25 23:00:00,0.178725353443614,0.43,0.12905919,6833
55,2011-01-28 23:00:00,0.164136211725285,0.45,0.06,6800
56,2011-01-31 23:00:00,0.195869212658841,0.61,0.76,6767
57,2011-02-03 23:00:00,0.207905868185362,0.78,0.16818974,6750
58,2011-02-06 23:00:00,0.225413730769392,0.92,0.12112588,6900
59,2011-02-09 23:00:00,0.244256346380359,0.97,0.06551728,6800
60,2011-02-12 23:00:00,0.263641770696261,1.09,0.74186934,6767
61,2011-02-15 23:00:00,0.298535534464883,1.08,0.24346193,6767
62,2011-02-18 23:00:00,0.318987822509188,1.04,0.53,6817
63,2011-02-21 23:00:00,0.384235331658794,0.88,0.41,6800
64,2011-02-24 23:00:00,0.402359639755907,0.96,0.16769472,6800
65,2011-02-27 23:00:00,0.461482779089527,0.96,1.08,6733
66,2011-03-02 23:00:00,0.505696698044212,0.95,0.3925,6767
67,2011-03-05 23:00:00,0.746109882360313,0.92,2.40320002,6733
68,2011-03-08 23:00:00,0.598433792945317,0.9,3.93000002,6783
69,2011-03-11 23:00:00,0.518895124262712,0.93,6.58222914999999,6800
70,2011-03-15 00:00:00,0.367392898200606,0.9,1.77642325,6800
71,2011-03-18 00:00:00,0.522682679914265,0.87,1.38939294,6800
72,2011-03-21 00:00:00,0.587071125990659,0.79,2.4870787,6733
73,2011-03-24 00:00:00,0.575708459036002,0.86,18.0735627,6817
74,2011-03-27 00:00:00,0.524622353680603,0.9,4.5301,6817
75,2011-03-30 00:00:00,0.53490906649787,0.8,3.42010001,6783
76,2011-04-02 00:00:00,0.648062907487804,0.8,3.4,6733
77,2011-04-05 00:00:00,0.692638663029293,0.77,5.67785472,6967
78,2011-04-08 00:00:00,0.638574170782251,0.78,2.9902,7050
79,2011-04-11 00:00:00,0.630387322438889,0.76,5.25368920999999,6767
80,2011-04-14 00:00:00,0.667228139984018,0.99,4.06059999,6800
81,2011-04-17 00:00:00,0.728629502559235,1.09,3.66088576,6767
82,2011-04-20 00:00:00,0.661049805006051,1.19,5.65128212999999,6800
83,2011-04-23 00:00:00,0.78040601979881,1.38,5.28999999999999,6750
84,2011-04-26 00:00:00,0.885990363653943,1.71,8.71326591999999,6767
85,2011-04-29 00:00:00,0.927305976466821,2.66,6.63049999999999,6750
86,2011-05-02 00:00:00,0.970408277538992,3.95,11.33184732,6733
87,2011-05-05 00:00:00,1.24299487235332,3.56,6.36378724999999,6767
88,2011-05-08 00:00:00,1.12305677063501,3.75,6.65502295999999,6767
89,2011-05-11 00:00:00,1.46331460281772,5.41,8.16121562999999,6783
90,2011-05-14 00:00:00,1.94065252138393,8.56,11.54072268,6817
91,2011-05-17 00:00:00,2.03455506274122,8.47,14.6451212,6750
92,2011-05-20 00:00:00,2.71821705953771,7.28,16.22203741,6750
93,2011-05-23 00:00:00,3.36136663166047,6.81,18.82072222,6750
94,2011-05-26 00:00:00,3.85889743273657,7.95,20.84249128,6767
95,2011-05-29 00:00:00,3.73988894768231,8.68,13.95017832,6750
96,2011-06-01 00:00:00,3.84797822362689,9.47,19.95330875,6800
97,2011-06-04 00:00:00,4.66945672080566,15.05,26.26233617,6733
98,2011-06-07 00:00:00,4.765651499201,19.19,29.30295222,6750
99,2011-06-10 00:00:00,6.37300141313269,32.34,43.33116344,6750
100,2011-06-13 00:00:00,6.90878471777659,24.87,44.3103694,6733
101,2011-06-16 00:00:00,8.76232250942012,19.99,40.07210388,6750
102,2011-06-19 00:00:00,9.54700810727864,17.6,28.33145981,6733
103,2011-06-22 00:00:00,11.7702839678778,15.39,17.89533531,6733
104,2011-06-25 00:00:00,10.3525630983575,16.95,16.40096242,6733
105,2011-06-28 00:00:00,10.4896831393953,17.89,26.52695141,6733
106,2011-07-01 00:00:00,12.3408036934063,17.38,17.700014,6733
107,2011-07-04 00:00:00,11.2438433651035,15.74,13.34786788,6750
108,2011-07-07 00:00:00,10.5670018650812,16.44,17.00709649,6750
109,2011-07-10 00:00:00,11.188590210086,15.16,12.97080973,6733
110,2011-07-13 00:00:00,14.2188333919843,14.52,12.78697604,6733
111,2011-07-16 00:00:00,12.3540683569699,14.25,16.85521548,6750
112,2011-07-19 00:00:00,12.7425610725979,13.93,12.93738114,6767
113,2011-07-22 00:00:00,12.0198487388041,13.94,9.00174475,6750
114,2011-07-25 00:00:00,13.1966171467989,14.16,10.20384419,6733
115,2011-07-28 00:00:00,14.0371660096524,14.1,8.88988639,6750
116,2011-07-31 00:00:00,14.1212208959377,14.06,5.71270055,6800
117,2011-08-03 00:00:00,14.9288433269576,13.37,7.42971882,6783
118,2011-08-06 00:00:00,11.642619953099,11.42,6.37744951,6867
119,2011-08-09 00:00:00,12.4876488206627,9.66,7.94504845,6867
120,2011-08-12 00:00:00,12.8632172062465,10.35,7.11131223,6783
121,2011-08-15 00:00:00,13.4265697846223,11.4,10.31653556,7017
122,2011-08-18 00:00:00,14.1823763191464,11.39,6.74044315,6900
123,2011-08-21 00:00:00,13.0154719384571,11.75,5.41691304,6883
124,2011-08-24 00:00:00,11.7588056823302,11.47,6.96478529,7017
125,2011-08-27 00:00:00,11.7588056823302,10.01,4.68880866,6983
126,2011-08-30 00:00:00,13.9130906928334,9.4,5.35429164,6800
127,2011-09-02 00:00:00,14.3165311122368,8.46,5.61094361,6783
128,2011-09-05 00:00:00,13.6095419215091,8.56,9.87229329,6867
129,2011-09-08 00:00:00,11.046706105121,7.53,8.13899549,6833
130,2011-09-11 00:00:00,12.1955635400536,6.49,5.36476482,6967
131,2011-09-14 00:00:00,13.2639252302093,6.19,4.15771892,6900
132,2011-09-17 00:00:00,10.7333079165509,5.18,4.96831626,6933
133,2011-09-20 00:00:00,12.1295105723624,5.89,5.92737413,7033
134,2011-09-23 00:00:00,11.6931972424213,5.8,3.78408626,6817
135,2011-09-26 00:00:00,11.954985240386,5.49,3.36760959,6850
136,2011-09-29 00:00:00,11.2529540121156,4.95,4.379026,6917
137,2011-10-02 00:00:00,11.0010222058743,5.27,3.64170627,6767
138,2011-10-05 00:00:00,11.504885818357,5.03,3.67361125,6883
139,2011-10-08 00:00:00,10.83306766838,4.79,4.29311937,6917
140,2011-10-11 00:00:00,8.90159048719596,4.23,3.34552432,7017
141,2011-10-14 00:00:00,11.1689767433685,4.37,4.15961153,6867
142,2011-10-17 00:00:00,8.24723613284346,3.87,3.20900548,6867
143,2011-10-20 00:00:00,7.51739222728209,2.59,3.26182986,6900
144,2011-10-23 00:00:00,7.66336100839436,3.31,2.81398947,6900
145,2011-10-26 00:00:00,7.95529857061891,3,2.74079235,6800
146,2011-10-29 00:00:00,8.68514247618028,3.39,3.04376757,6800
147,2011-11-01 00:00:00,8.73436486000387,3.38,3.1218532,6750
148,2011-11-04 00:00:00,8.55489160945584,3.28,2.90902778,6817
149,2011-11-06 23:00:00,7.83699860726374,3.04,2.36602429,6867
150,2011-11-09 23:00:00,8.67454044315452,3.09,3.28183143,7100
151,2011-11-12 23:00:00,8.79418927685321,3.11,2.52214317,7100
152,2011-11-15 23:00:00,7.88415816372673,2.67,2.88289742,7067
153,2011-11-18 23:00:00,7.64704062496803,2.37,3.35692678,6783
154,2011-11-21 23:00:00,8.00271693310608,2.3,2.77203285,6783
155,2011-11-24 23:00:00,7.70632000965771,2.48,3.99912116,7133
156,2011-11-27 23:00:00,7.35064370151966,2.51,2.55055237,6833
157,2011-11-30 23:00:00,10.0306575507535,3,3.5801132,7050
158,2011-12-03 23:00:00,7.42810856461203,3.1,4.65336537,7517
159,2011-12-06 23:00:00,7.97030627005816,3.06,4.24956871,7333
160,2011-12-09 23:00:00,8.5125039755043,3.04,3.0104452,7333
161,2011-12-12 23:00:00,7.40682744479193,3.33,177.32322513,6950
162,2011-12-15 23:00:00,7.11974110972247,3.2,7.82976711,6817
163,2011-12-18 23:00:00,8.67000731909753,3.36,3.10125952,7050
164,2011-12-21 23:00:00,7.92358284791695,4.08,4.26075206,6983
165,2011-12-24 23:00:00,9.99060446041702,4.06,2.24582386,7217
166,2011-12-27 23:00:00,8.64906120875774,4.09,2.99677875,7217
167,2011-12-30 23:00:00,9.28332569739997,4.47,3.33845198,7300
168,2012-01-02 23:00:00,9.34098610545835,5.45,5.55312158,7083
169,2012-01-05 23:00:00,9.80226936992543,6.6,5.69832762,7200
170,2012-01-08 23:00:00,10.010256218171,7.2,3.72339797,7133
171,2012-01-11 23:00:00,10.3211337404744,7.1,5.70224742,7333
172,2012-01-14 23:00:00,9.20197466018202,6.81,12.78590354,7400
173,2012-01-17 23:00:00,8.82892163341788,6.97,7.65315618,7350
174,2012-01-20 23:00:00,11.1294152984634,6.57,24.76691769,6983
175,2012-01-23 23:00:00,8.77601647007213,6.47,4.95998425,7033
176,2012-01-26 23:00:00,9.0360465877039,6.08,8.95157979,7400
177,2012-01-29 23:00:00,10.7912498817183,5.72,220.50932057,7000
178,2012-02-01 23:00:00,10.5962272934945,5.77,4.75073058,7083
179,2012-02-04 23:00:00,9.3272398828152,5.99,8.68539583,7017
180,2012-02-07 23:00:00,9.05290929802652,5.74,6.64074854,6933
181,2012-02-10 23:00:00,9.46440517520954,5.94,4.17461763,6950
182,2012-02-13 23:00:00,9.3272398828152,5.69,5.25311801,6917
183,2012-02-16 23:00:00,9.73873575999822,4.74,10.06136133,6983
184,2012-02-19 23:00:00,9.9887880969614,4.38,2.65186887,6917
185,2012-02-22 23:00:00,11.4939479471885,4.63,3.413929,6983
186,2012-02-25 23:00:00,10.3992862379324,5.05,3.12296116,6933
187,2012-02-28 23:00:00,12.7254423701015,4.98,3.84771572,7167
188,2012-03-02 23:00:00,8.85540994103212,4.94,4.50574566,7100
189,2012-03-05 23:00:00,11.0134510190988,5.04,5.18860926,6833
190,2012-03-08 23:00:00,12.3529247916919,4.99,4.07410789,7167
191,2012-03-12 00:00:00,12.5761704204574,4.98,2.90460712,7217
192,2012-03-15 00:00:00,9.59956203691717,5.45,5.17901821,7250
193,2012-03-18 00:00:00,11.6189762145854,5.4,3.56057831,7067
194,2012-03-21 00:00:00,12.0658599151464,4.95,4.81981657,7117
195,2012-03-24 00:00:00,12.810666082748,4.81,4.22778506,7433
196,2012-03-27 00:00:00,11.0231312805041,4.74,3.47762179,7367
197,2012-03-30 00:00:00,12.1284618185812,4.85,4.465422,7300
198,2012-04-02 00:00:00,10.2687643397321,4.97,3.8187765,7217
199,2012-04-05 00:00:00,9.62191304274106,4.96,4.933347,7167
200,2012-04-08 00:00:00,11.8050361700857,4.94,3.7089169,7100
201,2012-04-11 00:00:00,11.5624669337141,4.9,6.99130937,7117
202,2012-04-14 00:00:00,10.4323211417541,4.97,4.49039551,7233
203,2012-04-17 00:00:00,11.1382676851811,4.99,5.97850946,7067
204,2012-04-20 00:00:00,12.1579682479089,5.19,5.84943097,6967
205,2012-04-23 00:00:00,11.6088987141324,5.3,4.86652314,7667
206,2012-04-26 00:00:00,12.0795297430837,5.16,5.52832728,7083
207,2012-04-29 00:00:00,12.4487382935262,5.09,6.86687116,7417
208,2012-05-02 00:00:00,11.5488295012231,5.04,6.73048886,7083
209,2012-05-05 00:00:00,11.6988142999403,5.15,10.45653352,7033
210,2012-05-08 00:00:00,13.9485862806981,5.1,13.4937383,7067
211,2012-05-11 00:00:00,10.5974601790129,5.1,8.83074595,7300
212,2012-05-14 00:00:00,12.320624435763,5.01,11.80632246,7017
213,2012-05-17 00:00:00,10.1666691148254,5.1,13.00828295,7067
214,2012-05-20 00:00:00,12.2344662229255,5.14,31.84803518,6983
215,2012-05-23 00:00:00,10.4251437533379,5.13,12.76867573,6850
216,2012-05-26 00:00:00,10.6775233228416,5.15,19.27748871,6917
217,2012-05-29 00:00:00,10.756616088196,5.16,19.49232691,7050
218,2012-06-01 00:00:00,11.9430075685117,5.21,12.52807933,6917
219,2012-06-04 00:00:00,11.9430075685117,5.27,19.27101479,7217
220,2012-06-07 00:00:00,9.96568843465216,5.48,11.27363476,7167
221,2012-06-10 00:00:00,13.3790336035767,5.68,22.71134789,7100
222,2012-06-13 00:00:00,12.7494320222319,5.76,11.26003378,7150
223,2012-06-16 00:00:00,12.5920316268957,6.27,33.56188777,7133
224,2012-06-19 00:00:00,14.3234359755939,6.48,27.88555011,7250
225,2012-06-22 00:00:00,12.1017605759324,6.8,31.45712954,7400
226,2012-06-25 00:00:00,13.1316976462245,6.56,14.64248007,7183
227,2012-06-28 00:00:00,11.5867920407863,6.58,18.18068009,7117
228,2012-07-01 00:00:00,11.8442763083594,6.69,13.94161293,6950
229,2012-07-04 00:00:00,13.8433790741358,6.71,12.35375229,7217
230,2012-07-07 00:00:00,14.8010971232899,6.74,16.38467211,7050
231,2012-07-10 00:00:00,13.1468568565692,6.98,15.89719336,7133
232,2012-07-13 00:00:00,14.0175096285275,7.46,13.53006867,7083
233,2012-07-16 00:00:00,12.8856610249818,7.8,17.60255063,7433
234,2012-07-19 00:00:00,13.2673705458731,9.37,26.41059394,7300
235,2012-07-22 00:00:00,12.8962552858487,9.53,20.01722229,7033
236,2012-07-25 00:00:00,14.2879375109403,8.91,15.98700134,7083
237,2012-07-28 00:00:00,15.772398551038,8.95,17.187251,7583
238,2012-07-31 00:00:00,13.4653813724536,9.22,19.9791878,7250
239,2012-08-03 00:00:00,17.5151201310862,10.12,19.81549506,7683
240,2012-08-06 00:00:00,14.2753291241801,11.21,25.67591134,7400
241,2012-08-09 00:00:00,16.0977115655648,11.35,52.57535312,7167
242,2012-08-12 00:00:00,18.4055429382566,11.64,19.13775992,7117
243,2012-08-15 00:00:00,18.623360014449,12.3,20.67631015,7417
244,2012-08-18 00:00:00,16.1184636382366,15.37,30.86566635,7183
245,2012-08-21 00:00:00,19.712445395411,10.45,27.5570644,7283
246,2012-08-24 00:00:00,16.9897319430061,10.25,20.8327395,7333
247,2012-08-27 00:00:00,18.0774253068439,10.99,20.58149421,7200
248,2012-08-30 00:00:00,19.169350325378,11.14,24.15507933,7350
249,2012-09-02 00:00:00,18.5627253150813,10.36,35.33261176,7333
250,2012-09-05 00:00:00,21.8385003706838,10.59,29.66526976,7433
251,2012-09-08 00:00:00,18.7490590191164,11.27,19.96330059,7483
252,2012-09-11 00:00:00,21.1596523215742,11.14,24.05863046,7300
253,2012-09-14 00:00:00,21.6953397221204,11.48,19.68463641,7300
254,2012-09-17 00:00:00,23.570245624032,11.98,14.7659364,7667
255,2012-09-20 00:00:00,20.9294479443629,12.63,21.44386382,7633
256,2012-09-23 00:00:00,21.2142023381637,12.4,15.23518456,7500
257,2012-09-26 00:00:00,20.3599391567612,12.24,14.3770069,7533
258,2012-09-29 00:00:00,23.9193690792719,12.46,59.39218166,7267
259,2012-10-02 00:00:00,19.3632987784582,12.58,16.59077226,7700
260,2012-10-05 00:00:00,20.6511046856479,13.07,131.01704826,7717
261,2012-10-08 00:00:00,25.2064954251291,12.58,26.42825547,7650
262,2012-10-11 00:00:00,20.9547974016134,12.16,23.44129821,7550
263,2012-10-14 00:00:00,20.9547974016134,12.1,21.04540427,7400
264,2012-10-17 00:00:00,21.5343577779689,11.99,25.01043862,7317
265,2012-10-20 00:00:00,21.0761799529057,11.94,15.62399614,7533
266,2012-10-23 00:00:00,20.923454011218,11.86,25.22467775,7483
267,2012-10-26 00:00:00,24.5888766117233,11.56,16.66946671,7367
268,2012-10-29 00:00:00,24.1306987866602,10.69,12.70849238,7467
269,2012-11-01 00:00:00,22.175160378472,11.17,22.71724606,7850
270,2012-11-04 00:00:00,26.2816715596705,10.62,18.75218624,7650
271,2012-11-06 23:00:00,25.7888902179266,10.97,25.68602625,7533
272,2012-11-09 23:00:00,26.2816715596705,11.04,19.40181595,7700
273,2012-11-12 23:00:00,22.7748759110447,11.17,17.84911422,7433
274,2012-11-15 23:00:00,23.6121875254214,11.28,31.6415395,7350
275,2012-11-18 23:00:00,20.5978657136654,11.82,27.191148,7433
276,2012-11-21 23:00:00,24.6169614626733,11.9,30.78838241,7350
277,2012-11-24 23:00:00,23.6121875254214,12.46,21.75792328,7650
278,2012-11-27 23:00:00,28.8903964873729,12.5,82.01676744,7250
279,2012-11-30 23:00:00,27.3518546626016,12.66,22.53063094,7075
280,2012-12-03 23:00:00,18.9753491721799,12.75,18.28932863,3733
281,2012-12-06 23:00:00,21.1976873635162,13.69,31.15000691,3708
282,2012-12-09 23:00:00,24.2747710130589,13.53,24.32194589,3783
283,2012-12-12 23:00:00,22.7844398482441,13.8,28.63395313,3608
284,2012-12-15 23:00:00,19.2662542834417,13.75,24.34047049,3608
285,2012-12-18 23:00:00,23.9571683698449,13.4,40.01882898,3467
286,2012-12-21 23:00:00,24.1247010157879,13.63,36.94798575,3508
287,2012-12-24 23:00:00,20.6065154509855,13.45,28.03994895,3508
288,2012-12-27 23:00:00,26.0688629742304,13.51,36.93617681,3625
289,2012-12-30 23:00:00,24.8839146572199,13.57,35.04144571,3533
290,2013-01-02 23:00:00,23.6989663402095,13.42,32.06808934,3525
291,2013-01-05 23:00:00,21.0328326269359,13.54,31.35059436,3567
292,2013-01-08 23:00:00,21.6458221266411,13.84,32.40727682,3483
293,2013-01-11 23:00:00,19.2227823363455,14.31,42.53398676,3508
294,2013-01-14 23:00:00,20.5150702245032,14.34,34.87908233,3475
295,2013-01-17 23:00:00,20.1919982524637,15.53,37.87288715,3525
296,2013-01-20 23:00:00,23.5842539588777,16.15,32.98917964,3550
297,2013-01-23 23:00:00,23.9073259309171,17.97,44.40792999,3525
298,2013-01-26 23:00:00,22.4319505785413,17.71,47.91067554,3492
299,2013-01-29 23:00:00,21.3989002229506,19.78,49.61699217,3592
300,2013-02-01 23:00:00,23.7601581785865,21.25,52.28602156,3625
301,2013-02-04 23:00:00,28.0057671748026,20.99,45.22052171,3500
302,2013-02-07 23:00:00,24.749282619593,22.15,48.56204643,3567
303,2013-02-10 23:00:00,25.8890522139163,23.97,45.20832246,3542
304,2013-02-13 23:00:00,26.7031733527187,24.3,56.12658455,3542
305,2013-02-16 23:00:00,30.2853063634493,27.39,50.77739001,3508
306,2013-02-19 23:00:00,31.3982496568025,29.48,46.41317356,3517
307,2013-02-22 23:00:00,29.4018291583931,30.52,53.25121434,3458
308,2013-02-25 23:00:00,28.1313797503144,30.4,66.62844799,3483
309,2013-02-28 23:00:00,34.3062704062833,33.36,60.71283274,3492
310,2013-03-03 23:00:00,37.9974513993645,34.25,44.96913537,3433
311,2013-03-06 23:00:00,33.0035006440194,42,157.26796982,3500
312,2013-03-09 23:00:00,40.168734336471,46.93,52.11584112,3417
313,2013-03-13 00:00:00,33.4377572314407,44.32,66.65059923,3442
314,2013-03-16 00:00:00,42.4121010717338,46.9,65.01635308,3467
315,2013-03-19 00:00:00,47.472635858702,52.12,37.83272726,3458
316,2013-03-22 00:00:00,54.2200155746597,70.25,50.61033936,3442
317,2013-03-25 00:00:00,45.2677808665388,71.93,40.62806852,3433
318,2013-03-28 00:00:00,59.5803880522826,88.8,60.03141889,3417
319,2013-03-31 00:00:00,52.2576587944602,92.5,64.078643,3408
320,2013-04-03 00:00:00,59.2475367223816,117.34,61.20119573,3425
321,2013-04-06 00:00:00,64.0797183431136,142.1,57.2386576,3467
322,2013-04-09 00:00:00,64.0797183431136,186.96,46.27039614,3383
323,2013-04-12 00:00:00,65.9868528176111,124.9,63.3686378,3442
324,2013-04-15 00:00:00,61.0283031839177,100,53.37811427,3392
325,2013-04-18 00:00:00,72.7166919656983,93.9,81.48473727,3417
326,2013-04-21 00:00:00,77.6239533866963,127.5,46.22212486,3425
327,2013-04-24 00:00:00,78.0700680613325,142.5,61.23818202,3417
328,2013-04-27 00:00:00,70.9322332671535,137,40.59900011,3433
329,2013-04-30 00:00:00,74.6333901791775,144.54,45.72411389,3392
330,2013-05-03 00:00:00,73.6315997069738,103.3,52.5540039,3408
331,2013-05-06 00:00:00,81.6459234846036,115.98,36.56506628,3425
332,2013-05-09 00:00:00,83.1486091929092,113.35,52.00264132,3433
333,2013-05-12 00:00:00,89.1593520261315,115.68,61.69773114,3400
334,2013-05-15 00:00:00,81.7498729685886,112,57.38806322,3408
335,2013-05-18 00:00:00,81.7498729685886,123.32,55.40377799,3442
336,2013-05-21 00:00:00,82.8621161382293,122.02,43.45547937,3408
337,2013-05-24 00:00:00,90.0916967408936,126.7,56.46156491,3400
338,2013-05-27 00:00:00,103.913692158211,133.5,31.5289397,3417
339,2013-05-30 00:00:00,102.101244039172,132.3,52.15347597,3433
340,2013-06-02 00:00:00,123.246472094622,129.3,41.25064975,3400
341,2013-06-05 00:00:00,156.703562082192,121.42,54.21273887,3483
342,2013-06-08 00:00:00,130.327714999051,111.5,39.16184703,3433
343,2013-06-11 00:00:00,136.533796665672,106.1,34.47766724,3425
344,2013-06-14 00:00:00,133.430755832362,103.9,40.8787914,3450
345,2013-06-17 00:00:00,148.049400446238,99.9,31.28648429,3417
346,2013-06-20 00:00:00,140.358522500979,107.68,37.4085742,3400
347,2013-06-23 00:00:00,169.1993147957,108.35,55.58427754,3367
348,2013-06-26 00:00:00,181.696991456746,103.89,33.79573922,3417
349,2013-06-29 00:00:00,170.75417902577,94.65,48.09132266,3392
350,2013-07-02 00:00:00,166.511839174198,87,24.12834059,3417
351,2013-07-05 00:00:00,187.723538432058,80.04,23.33133526,3408
352,2013-07-08 00:00:00,197.268803098095,75,18.42094257,3417
353,2013-07-11 00:00:00,249.70821205767,87.9,26.39959721,3400
354,2013-07-14 00:00:00,211.991867528126,98,33.60786141,3408
355,2013-07-17 00:00:00,219.795249154928,97.05,35.8771154,3400
356,2013-07-20 00:00:00,243.205394035335,92,21.11963162,3458
357,2013-07-23 00:00:00,225.29983210912,91.99,32.7694805,3425
358,2013-07-26 00:00:00,276.574966313265,97,33.78420434,3425
359,2013-07-29 00:00:00,257.929462966303,98.7,23.82217431,3458
360,2013-08-01 00:00:00,287.451509932325,106.2,49.24699101,3433
361,2013-08-04 00:00:00,317.855567249954,104.95,26.43529564,3408
362,2013-08-07 00:00:00,327.149589684163,106.56,41.6806571,3475
363,2013-08-10 00:00:00,369.902092881525,102.8,43.8878449,3408
364,2013-08-13 00:00:00,484.952765580043,106.64,25.37058276,3425
365,2013-08-16 00:00:00,434.436852498788,98.08,63.29990312,3500
366,2013-08-19 00:00:00,449.591626423165,99.3,45.94836173,3408
367,2013-08-22 00:00:00,525.365496045046,110.43,32.14886264,3500
368,2013-08-25 00:00:00,467.388810199078,109.04,27.73017547,3483
369,2013-08-28 00:00:00,545.831687435287,117.72,39.84639775,3408
370,2013-08-31 00:00:00,702.717441907705,124.84,43.91193998,3392
371,2013-09-03 00:00:00,604.663845362444,130.09,47.40491922,3425
372,2013-09-06 00:00:00,821.078113093457,122.63,32.62242832,3408
373,2013-09-09 00:00:00,834.042504352828,118.18,26.14222954,3508
374,2013-09-12 00:00:00,898.864460649679,126.54,22.55500301,3425
375,2013-09-15 00:00:00,1024.57958056223,124.05,20.23750549,3442
376,2013-09-18 00:00:00,845.418123851895,139.15,302.75425378,3508
377,2013-09-21 00:00:00,1046.97476265102,123.04,27.00884796,3500
378,2013-09-24 00:00:00,1125.35789996179,122.65,39.47388851,3425
379,2013-09-27 00:00:00,1302.02028851433,124.65,27.23002047,3508
380,2013-09-30 00:00:00,1213.24617793381,127.01,25.84549691,3517
381,2013-10-03 00:00:00,1538.75125006239,103.85,39.92303312,3533
382,2013-10-06 00:00:00,1900.66283139384,121.2,26.06242489,3642
383,2013-10-09 00:00:00,1721.88761457957,124.12,17.2769699,3450
384,2013-10-12 00:00:00,1853.61672170588,127.41,22.76995908,3442
385,2013-10-15 00:00:00,2333.48704052313,135.17,33.03670276,3708
386,2013-10-18 00:00:00,2302.45571980844,143.94,36.51952508,3567
387,2013-10-21 00:00:00,2675.10751260981,186.12,28.48710739,3583
388,2013-10-24 00:00:00,2781.5794534102,203.7,45.77781754,3558
389,2013-10-27 00:00:00,3439.6720527868,179.56,35.34328044,3500
390,2013-10-30 00:00:00,3808.9023861368,216,34.455093,3467
391,2013-11-02 00:00:00,4216.99907036574,203,35.00360841,3558
392,2013-11-04 23:00:00,3303.63982471049,229.95,51.82985587,3500
393,2013-11-07 23:00:00,3377.994520131,291.02,128.50248332,3458
394,2013-11-10 23:00:00,4952.69873252289,328,45.83360662,3433
395,2013-11-13 23:00:00,4292.33890151984,393,23.04229153,3558
396,2013-11-16 23:00:00,5847.42683190499,437.24,14.2659898,3558
397,2013-11-19 23:00:00,4938.50038134981,547,31.59785609,3525
398,2013-11-22 23:00:00,4908.20283299797,795,23.29739671,3492
399,2013-11-25 23:00:00,4968.79792970165,814.56,19.60120774,3525
400,2013-11-28 23:00:00,6505.6094504138,1014.1,30.73997164,3650
401,2013-12-01 23:00:00,5731.96940766189,955.01,19.37686102,3508
402,2013-12-04 23:00:00,6013.29305957168,1136.9,20.83224443,3592
403,2013-12-07 23:00:00,6294.61671148146,705.91,37.49123851,3592
404,2013-12-10 23:00:00,7134.38987382805,978.76,17.50092456,3625
405,2013-12-13 23:00:00,9030.87325801019,885,15.1294396,3500
406,2013-12-16 23:00:00,8895.41015914004,690,15.70545173,3675
407,2013-12-19 23:00:00,9121.1819905903,685.3,16.48965383,3658
408,2013-12-22 23:00:00,9333.93766125748,614.11,11.46529505,3550
409,2013-12-25 23:00:00,10508.0178702207,679.02,12.31784641,3550
410,2013-12-28 23:00:00,8805.60156722404,715,11.65867105,3550
411,2013-12-31 23:00:00,11740.802089632,732,10.98600975,3583
412,2014-01-03 23:00:00,10435.9377082216,807.39,13.81938881,3592
413,2014-01-06 23:00:00,13185.9483205232,915.69,29.50823266,3550
414,2014-01-09 23:00:00,14243.64470987,826.28,12.80728921,3558
415,2014-01-12 23:00:00,18058.6488747028,844.04,11.79779395,3617
416,2014-01-15 23:00:00,17791.7722903476,841.83,16.85023545,3575
417,2014-01-18 23:00:00,16368.4305071198,811.2,12.72316648,3500
418,2014-01-21 23:00:00,16902.1836758303,824.78,15.5990746,3600
419,2014-01-24 23:00:00,16903.7992186766,780.02,15.28913391,3725
420,2014-01-27 23:00:00,18103.4236793568,747.57,13.45771067,3625
421,2014-01-30 23:00:00,20066.4455241064,800,13.29500605,3775
422,2014-02-02 23:00:00,21157.0132156339,814.34,10.80299217,3600
423,2014-02-05 23:00:00,21761.8906024157,781,13.81992653,3642
424,2014-02-08 23:00:00,19676.9190476932,680.8,12.26699028,3633
425,2014-02-11 23:00:00,21761.8906024157,675.1,13.09678624,3633
426,2014-02-14 23:00:00,23455.9299906277,670.29,17.09758792,3658
427,2014-02-17 23:00:00,25980.5116973035,629.96,23.5617028,3717
428,2014-02-20 23:00:00,26136.0836236347,563,14.81614558,3725
429,2014-02-23 23:00:00,28314.0905922709,611.05,12.06010803,3717
430,2014-02-26 23:00:00,28314.0905922709,585.21,14.63310193,3742
431,2014-03-01 23:00:00,28262.4181718192,567.48,12.59578282,3808
432,2014-03-04 23:00:00,30538.5860782745,673.28,17.38424603,3717
433,2014-03-07 23:00:00,33194.1153024722,631.99,13.86113137,3742
434,2014-03-11 00:00:00,31866.3506903734,629.33,16.26715826,3825
435,2014-03-14 00:00:00,29367.8475506144,641.01,14.65089124,3750
436,2014-03-17 00:00:00,37607.7472230889,634.99,12.38310041,3708
437,2014-03-20 00:00:00,35283.6729564935,611.2,13.48145116,3700
438,2014-03-23 00:00:00,43312.2931501866,563.01,17.57915737,3758
439,2014-03-26 00:00:00,39324.9976022039,585.79,14.55404643,3775
440,2014-03-29 00:00:00,42560.5986707397,499.6,12.32486726,3608
441,2014-04-01 00:00:00,44551.7377898386,457.49,12.70160393,3683
442,2014-04-04 00:00:00,50027.3703673607,448.72,13.46028103,3717
443,2014-04-07 00:00:00,44415.1321567057,458,10.34855898,3708
444,2014-04-10 00:00:00,53237.3159412568,441.93,20.25920875,3725
445,2014-04-13 00:00:00,60538.4335560578,423.37,9.07114824,3708
446,2014-04-16 00:00:00,45327.7718585558,523,16.49954518,3700
447,2014-04-19 00:00:00,56547.9844196814,482.11,12.16011272,3817
448,2014-04-22 00:00:00,53425.7030713554,498.38,12.47640246,3842
449,2014-04-25 00:00:00,56894.9045694954,502.15,14.94749758,3750
450,2014-04-28 00:00:00,57588.7448691234,438.8,11.74870756,3833
451,2014-05-01 00:00:00,66817.8858733963,452.03,12.95582061,3792
452,2014-05-04 00:00:00,60454.2776949776,440,10.28949159,3817
453,2014-05-07 00:00:00,64829.2583176404,428.01,15.00387446,3758
454,2014-05-10 00:00:00,70397.4154737568,449,15.57402453,3783
455,2014-05-13 00:00:00,74817.9710179175,442.45,13.93177704,3683
456,2014-05-16 00:00:00,80099.2395603588,446.53,12.8013398,3733
457,2014-05-19 00:00:00,77898.7110010083,446.89,8.71450665,3717
458,2014-05-22 00:00:00,73497.6538823072,493.97,12.79533682,3825
459,2014-05-25 00:00:00,78483.2567556605,527.91,11.23540029,3733
460,2014-05-28 00:00:00,91996.9301043173,572.7,12.14135874,3675
461,2014-05-31 00:00:00,79003.0134229165,621.3,11.59815107,3625
462,2014-06-03 00:00:00,97714.2534441336,662,11.70443213,3525
463,2014-06-06 00:00:00,86494.3621241971,661.48,12.34989787,3600
464,2014-06-09 00:00:00,79481.3057357487,657.11,8.84632234,3608
465,2014-06-12 00:00:00,90585.3116841254,624.97,11.27334026,3692
466,2014-06-15 00:00:00,108702.37402095,572.28,9.08986917,3642
467,2014-06-18 00:00:00,113768.842858603,608,12.0249054,3733
468,2014-06-21 00:00:00,126484.18411927,593.48,10.71588434,3667
469,2014-06-24 00:00:00,132507.240505902,588.25,11.29559499,3683
470,2014-06-27 00:00:00,125145.727144463,577.34,10.13416507,3625
471,2014-06-30 00:00:00,104506.281189491,599.99,8.86486746,3667
472,2014-07-03 00:00:00,111194.683185619,650.49,12.74840425,3658
473,2014-07-06 00:00:00,124571.487177873,631,8.29427605,3567
474,2014-07-09 00:00:00,132931.989673033,624.97,12.27727536,3600
475,2014-07-12 00:00:00,137948.291170128,634,10.87078401,3642
476,2014-07-15 00:00:00,118927.432811316,621.21,11.75980369,3733
477,2014-07-18 00:00:00,137025.08563043,625.8,11.76351954,3642
478,2014-07-21 00:00:00,128407.155716566,627,8.98402817,3625
479,2014-07-24 00:00:00,128407.155716566,620.43,11.00879636,3633
480,2014-07-27 00:00:00,149954.363443907,595.9,8.73951865,3625
481,2014-07-30 00:00:00,162993.873308595,585.5,10.39546815,3600
482,2014-08-02 00:00:00,157405.511938015,595.76,10.67915418,3717
483,2014-08-05 00:00:00,122943.950152769,588.5,11.0974416,3808
484,2014-08-08 00:00:00,157903.329123918,585.02,10.97700977,3617
485,2014-08-11 00:00:00,178499.415531385,590.74,9.8312772,3733
486,2014-08-14 00:00:00,166730.223298547,549.98,12.41970851,3700
487,2014-08-17 00:00:00,161826.393201531,523.88,13.05170457,3608
488,2014-08-20 00:00:00,187281.346343637,490,12.80157171,3683
489,2014-08-23 00:00:00,186096.021366779,515.69,10.75447813,3767
490,2014-08-26 00:00:00,196763.946158505,501.55,16.45338417,3625
491,2014-08-29 00:00:00,196763.946158505,506.61,10.39725982,3675
492,2014-09-01 00:00:00,204522.695658425,478.87,8.8939901,3683
493,2014-09-04 00:00:00,227701.934499713,474.5,11.1270644,3633
494,2014-09-07 00:00:00,223611.480586544,479.59,9.61430997999999,3733
495,2014-09-10 00:00:00,212703.603484762,473.35,14.11448904,3742
496,2014-09-13 00:00:00,241336.780876941,474.62,10.70477886,3658
497,2014-09-16 00:00:00,250600.648941334,470.83,12.22944483,3683
498,2014-09-19 00:00:00,240220.740405303,425.56,12.34660263,3725
499,2014-09-22 00:00:00,232806.520022423,401.15,9.33716279999999,3617
500,2014-09-25 00:00:00,241703.584481879,423.68,12.35686671,3642
501,2014-09-28 00:00:00,239501.007151538,400.39,10.4471904,3583
502,2014-10-01 00:00:00,249839.180122108,390.18,12.1265494,3583
503,2014-10-04 00:00:00,246393.122465251,358.9,12.07920856,3558
504,2014-10-07 00:00:00,260177.353092678,327.61,12.61174465,3675
505,2014-10-10 00:00:00,276657.26825683,363.61,13.90439876,3508
506,2014-10-13 00:00:00,266217.371341478,380.8,11.01613637,3642
507,2014-10-16 00:00:00,260997.422883802,394.84,12.55077471,3692
508,2014-10-19 00:00:00,233157.697776197,391,10.35069092,3533
509,2014-10-22 00:00:00,297537.062087534,385.89,13.01537323,3625
510,2014-10-25 00:00:00,271906.093816513,358.49,12.35002581,3592
511,2014-10-28 00:00:00,268328.382055769,350.9,13.52589194,3592
512,2014-10-31 00:00:00,336304.905509898,345.3,13.86147032,3600
513,2014-11-02 23:00:00,277272.661457628,324.36,12.64623465,3583
514,2014-11-05 23:00:00,285462.79452079,338.63,13.39815386,3650
515,2014-11-08 23:00:00,273650.540954412,346.94,10.78458677,3625
516,2014-11-11 23:00:00,265775.705243494,369.41,13.37416163,3575
517,2014-11-14 23:00:00,295306.339159437,399.11,13.15059241,3525
518,2014-11-17 23:00:00,295306.339159437,388.87,15.10046843,3542
519,2014-11-20 23:00:00,248412.346336535,356.47,13.27805051,3608
520,2014-11-23 23:00:00,310515.432920669,367.12,11.9135696,3492
521,2014-11-26 23:00:00,262435.623952307,366.86,12.15985418,3592
522,2014-11-29 23:00:00,312518.75829435,375.59,11.08339144,3600
523,2014-12-02 23:00:00,242402.37021549,379.62,14.1965774,3592
524,2014-12-05 23:00:00,288373.409485721,376,12.38234866,3575
525,2014-12-08 23:00:00,276440.716679416,362.99,15.78243929,3617
526,2014-12-11 23:00:00,282407.063082569,348.97,11.96549856,3667
527,2014-12-14 23:00:00,304283.666560796,357.8,12.07562664,3583
528,2014-12-17 23:00:00,272641.755669288,321.34,15.18390144,3717
529,2014-12-20 23:00:00,284410.464547099,331.52,12.13819778,3625
530,2014-12-23 23:00:00,296179.17342491,336.95,14.15710028,3700
531,2014-12-26 23:00:00,313832.236741627,329.94,19.30070793,3583
532,2014-12-29 23:00:00,286371.916026734,313.4,14.4376344,3525
533,2015-01-01 23:00:00,323243.653100747,314.81,8.05416484,3750
534,2015-01-04 23:00:00,339405.835755784,263.17,21.74861782,3608
535,2015-01-07 23:00:00,272736.832303755,297.99,12.78348978,3708
536,2015-01-10 23:00:00,296980.106286311,275.97,15.25846972,3592
537,2015-01-13 23:00:00,330062.319707546,222,15.50901423,3642
538,2015-01-16 23:00:00,299460.51523135,208.13,14.59406088,3608
539,2015-01-19 23:00:00,262301.18122454,216.01,14.34755742,3633
540,2015-01-22 23:00:00,271044.553932025,233.51,13.40410002,3567
541,2015-01-25 23:00:00,277602.083462638,254.32,13.306376,3608
542,2015-01-28 23:00:00,348786.567248165,236.2,11.59256582,3592
543,2015-01-31 23:00:00,348786.567248165,219.25,12.52130893,3750
544,2015-02-03 23:00:00,330321.39604091,227.53,13.07488376,3758
545,2015-02-06 23:00:00,352889.938627556,222.36,11.70807312,3567
546,2015-02-09 23:00:00,331483.607097818,219.93,14.88796877,3675
547,2015-02-12 23:00:00,309384.699957963,222.33,12.55298681,3667
548,2015-02-15 23:00:00,349162.732809701,234.18,13.82078432,3525
549,2015-02-18 23:00:00,362422.077093614,237.44,14.96619549,3608
550,2015-02-21 23:00:00,333693.497811803,245.41,12.94726109,3625
551,2015-02-24 23:00:00,362028.097735547,239.94,14.41178545,3575
552,2015-02-27 23:00:00,313293.5461173,252.11,14.39065266,3617
553,2015-03-02 23:00:00,357386.711867142,275.87,15.3940228,3625
554,2015-03-05 23:00:00,366669.483603951,273.11,14.89058476,3650
555,2015-03-09 00:00:00,311208.023870146,275,13.21540516,3567
556,2015-03-12 00:00:00,313565.660414617,296.56,15.32225806,3675
557,2015-03-15 00:00:00,346572.572037208,282.2,12.34936058,3558
558,2015-03-18 00:00:00,332426.752770383,284.48,14.10203756,3508
559,2015-03-21 00:00:00,337142.025859325,262.1,16.0965401,3625
560,2015-03-24 00:00:00,387831.112208752,265.99,17.57202944,3517
561,2015-03-27 00:00:00,399442.822155122,249.23,14.52750048,3542
562,2015-03-30 00:00:00,329772.562476903,242.34,12.76426269,3583
563,2015-04-02 00:00:00,341384.272423273,246.49,16.83868407,3567
564,2015-04-05 00:00:00,371157.005411998,253.67,13.74643295,3608
565,2015-04-08 00:00:00,292501.216185614,253.9,15.6944422,3617
566,2015-04-11 00:00:00,336745.097625455,236,27.80415534,3617
567,2015-04-14 00:00:00,388362.959305269,223.01,17.27967925,3583
568,2015-04-17 00:00:00,329371.117385482,227.5,14.03218749,3542
569,2015-04-20 00:00:00,408026.906611865,222.61,12.99562204,3550
570,2015-04-23 00:00:00,326609.291887328,233.59,15.864116,3642
571,2015-04-26 00:00:00,352643.365878346,226.29,99.35690506,3542
572,2015-04-29 00:00:00,305308.685894676,225.2,16.15746744,3533
573,2015-05-02 00:00:00,347909.897879979,230.97,13.73766087,3558
574,2015-05-05 00:00:00,364728.388876663,238.25,15.10627218,3592
575,2015-05-08 00:00:00,350518.191907442,237.16,15.99528963,3583
576,2015-05-11 00:00:00,352886.558068979,239.11,15.5854514,3558
577,2015-05-14 00:00:00,331571.262615148,235.97,15.48162095,3625
578,2015-05-17 00:00:00,419738.369701863,236.63,13.11363793,3667
579,2015-05-20 00:00:00,344525.13582465,231.4,15.68797983,3558
580,2015-05-23 00:00:00,291148.002105338,238.8,15.33794565,3575
581,2015-05-26 00:00:00,327541.502368506,235.59,15.52614626,3517
582,2015-05-29 00:00:00,380918.636087818,236.44,16.24789347,3567
583,2015-06-01 00:00:00,332393.969070261,228.34,39.45981082,3558
584,2015-06-04 00:00:00,335928.179909096,225.4,18.03214868,3475
585,2015-06-07 00:00:00,395070.465104359,224.99,14.25095862,3567
586,2015-06-10 00:00:00,373779.242434065,228.88,17.7172119,3575
587,2015-06-13 00:00:00,373779.242434065,229.6,18.36680608,3608
588,2015-06-16 00:00:00,303837.296681705,236,19.87304204,3633
589,2015-06-19 00:00:00,397705.729802882,248.26,27.33272035,3617
590,2015-06-22 00:00:00,365592.844787742,243.55,14.07698414,3575
591,2015-06-25 00:00:00,395235.50787864,240.2,16.35528118,3558
592,2015-06-28 00:00:00,363122.622863501,251.21,16.74241236,3575
593,2015-07-01 00:00:00,356089.184959354,262.43,29.95122247,3575
594,2015-07-04 00:00:00,380647.059784137,256.12,22.79418437,3500
595,2015-07-07 00:00:00,363456.547406789,268.53,35.590639,3558
596,2015-07-10 00:00:00,383102.847266616,269,40.17988719,3617
597,2015-07-13 00:00:00,368157.891393933,310.55,44.36391382,3500
598,2015-07-16 00:00:00,345306.711928103,285.66,26.13382277,3542
599,2015-07-19 00:00:00,363079.851512638,276.74,43.55700027,3492
600,2015-07-22 00:00:00,373235.931275229,276.76,25.67332781,3508
601,2015-07-25 00:00:00,397611.600337113,289,23.27602155,3617
602,2015-07-28 00:00:00,369025.145410916,293.93,31.33315906,3708
603,2015-07-31 00:00:00,361228.839521953,288.45,34.02627027,3508
604,2015-08-03 00:00:00,382018.988559187,282.26,20.81821964,3633
605,2015-08-06 00:00:00,363827.608151607,281,33.89808802,3533
606,2015-08-09 00:00:00,353662.65570703,262.22,22.40730609,3500
607,2015-08-12 00:00:00,322225.975199739,270.98,26.09037644,3567
608,2015-08-15 00:00:00,351042.932331422,265.93,24.26238231,3467
609,2015-08-18 00:00:00,379859.889463106,256.66,23.50533255,3608
610,2015-08-21 00:00:00,403437.399843575,235.31,25.77554216,3525
611,2015-08-24 00:00:00,423446.540478744,228.14,20.68006617,3592
612,2015-08-27 00:00:00,401869.646696388,225.04,25.15845138,3550
613,2015-08-30 00:00:00,388384.088082415,229.63,21.35923021,3575
614,2015-09-02 00:00:00,415355.205310361,227.97,25.26556984,3675
615,2015-09-05 00:00:00,427538.389387399,230.73,25.08295191,3575
616,2015-09-08 00:00:00,393561.828641381,240.47,29.70364898,3592
617,2015-09-11 00:00:00,489828.750755099,238.81,27.79300834,3508
618,2015-09-14 00:00:00,450189.429884745,230,25.36632619,3633
619,2015-09-17 00:00:00,399224.588765717,228.33,26.10466496,3542
620,2015-09-20 00:00:00,353949.157008514,230.25,21.74704429,3533
621,2015-09-23 00:00:00,442436.446260643,230.42,27.82720079,3567
622,2015-09-26 00:00:00,448335.598877451,235.22,27.11947875,3542
623,2015-09-29 00:00:00,510276.701353941,239.14,26.28988147,3633
624,2015-10-02 00:00:00,377880.220505957,238.03,28.82708269,3567
625,2015-10-05 00:00:00,447410.181079053,238.4,19.36537912,3592
626,2015-10-08 00:00:00,414156.721674529,243.01,24.96770404,3542
627,2015-10-11 00:00:00,453456.264607148,245.72,24.80907025,3567
628,2015-10-14 00:00:00,459502.348135243,249.98,24.94470798,3542
629,2015-10-17 00:00:00,396478.230871569,262.26,28.3561839,3533
630,2015-10-20 00:00:00,384372.025348773,263.59,28.30097624,3567
631,2015-10-23 00:00:00,466088.912627646,274.35,29.4120876,3617
632,2015-10-26 00:00:00,460035.809866248,282.8,24.82972719,3608
633,2015-10-29 00:00:00,458010.013458184,304.79,30.11709528,3542
634,2015-11-01 00:00:00,492051.298242239,310.18,28.54469017,3483
635,2015-11-03 23:00:00,479672.649229855,404.5,34.34305541,3567
636,2015-11-06 23:00:00,504429.947254622,373.69,32.32119456,3567
637,2015-11-09 23:00:00,442536.702192705,380.62,29.59354321,3508
638,2015-11-12 23:00:00,546646.864777153,340.81,25.76607374,3550
639,2015-11-15 23:00:00,576106.875453766,318.97,23.01078957,3483
640,2015-11-18 23:00:00,458266.832747314,333.66,27.37508755,3600
641,2015-11-21 23:00:00,569560.206414519,326.31,23.84630843,3617
642,2015-11-24 23:00:00,556720.631229444,319.64,25.12325561,3533
643,2015-11-27 23:00:00,527800.078957785,358,26.65176592,3425
644,2015-11-30 23:00:00,694093.254519827,377.27,34.29084643,3525
645,2015-12-03 23:00:00,527800.078957785,361.47,29.71151175,3517
646,2015-12-06 23:00:00,593762.303117281,387.3,30.36759062,3575
647,2015-12-09 23:00:00,770711.333847596,416.49,37.30535029,3508
648,2015-12-12 23:00:00,585897.901751489,436.2,36.96162758,3517
649,2015-12-15 23:00:00,660609.714726511,463.98,39.9989931,3508
650,2015-12-18 23:00:00,720030.586381441,463,37.77548047,3458
651,2015-12-21 23:00:00,654995.565676021,438.35,41.10369193,3525
652,2015-12-24 23:00:00,622478.055323311,456,36.33612595,3475
653,2015-12-27 23:00:00,747902.738112336,422.42,27.06454523,3492
654,2015-12-30 23:00:00,743604.444166195,428.23,30.79767766,3533
655,2016-01-02 23:00:00,769424.042921966,432.76,31.37600479,3517
656,2016-01-05 23:00:00,702293.086156962,432.43,32.27846687,3467
657,2016-01-08 23:00:00,821063.240433507,452.64,32.53002298,3508
658,2016-01-11 23:00:00,908849.876203127,447.98,35.90416653,3417
659,2016-01-14 23:00:00,693089.355237507,429.55,31.82088874,3475
660,2016-01-17 23:00:00,986102.741191575,380.16,36.326795,3392
661,2016-01-20 23:00:00,755072.956112406,420.35,46.47964248,3383
662,2016-01-23 23:00:00,935388.885930294,385.09,38.59889347,3442
663,2016-01-26 23:00:00,918901.018160999,391.66,47.01650631,3442
664,2016-01-29 23:00:00,1056139.48191232,378.18,46.98023086,3458
665,2016-02-01 23:00:00,978569.91544418,371.99,55.98834185,3442
666,2016-02-04 23:00:00,1074040.15109727,388,38.13751292,3483
667,2016-02-07 23:00:00,1153414.86436954,375,38.93269746,3475
668,2016-02-10 23:00:00,1375500.95626678,379.14,45.10160409,3425
669,2016-02-13 23:00:00,1289532.14650011,389.88,34.91582779,3425
670,2016-02-16 23:00:00,1002969.44727786,407,42.20291344,3475
671,2016-02-19 23:00:00,1284099.85113956,419.98,45.93178995,3392
672,2016-02-22 23:00:00,1097173.92344203,436.76,45.80619995,3475
673,2016-02-25 23:00:00,1219082.13715781,423.46,45.89148285,3408
674,2016-02-28 23:00:00,1097173.92344203,431.89,44.48851907,3408
675,2016-03-02 23:00:00,1080919.49494659,422.5,92.15325496,3417
676,2016-03-05 23:00:00,1094688.8032164,399.17,62.07709524,3425
677,2016-03-08 23:00:00,1299450.73763098,412.15,44.92403847,3383
678,2016-03-11 23:00:00,1141941.55731207,420.11,39.76764706,3392
679,2016-03-15 00:00:00,1197069.77042369,414.99,41.05698574,3383
680,2016-03-18 00:00:00,1135311.13692768,418.49,46.32816082,3408
681,2016-03-21 00:00:00,1036588.42936875,411.81,33.74667059,3383
682,2016-03-24 00:00:00,1242260.73678319,417.96,38.35156743,3400
683,2016-03-27 00:00:00,1258714.52137634,416.96,35.8323759,3425
684,2016-03-30 00:00:00,1308075.8751558,415.83,57.79052183,3383
685,2016-04-02 00:00:00,1244135.05700979,416.31,53.2276954,3375
686,2016-04-05 00:00:00,1235840.82329639,419.71,45.08180774,3458
687,2016-04-08 00:00:00,1169486.9535892,419.95,44.73522886,3417
688,2016-04-11 00:00:00,1252429.29072319,420.75,33.25339902,3392
689,2016-04-14 00:00:00,1465554.23046872,423.87,45.74314812,3408
690,2016-04-17 00:00:00,1358968.46825281,430.58,34.12321152,3408
691,2016-04-20 00:00:00,1465554.23046307,435.95,43.48327587,3383
692,2016-04-23 00:00:00,1279029.14658595,447.7,42.68874359,3383
693,2016-04-26 00:00:00,1341204.17454499,462.5,43.29847026,3408
694,2016-04-29 00:00:00,1403229.58035675,449.98,49.62034503,3425
695,2016-05-02 00:00:00,1394348.38048107,453,34.50281105,3400
696,2016-05-05 00:00:00,1385467.1806054,446.84,47.17178574,3417
697,2016-05-08 00:00:00,1447635.57973513,459.02,37.61683514,3417
698,2016-05-11 00:00:00,1284309.11258538,450.78,48.10185732,3383
699,2016-05-14 00:00:00,1390530.16700974,455.82,47.58216903,3417
700,2016-05-17 00:00:00,1361560.78853037,454,60.51568467,3392
701,2016-05-20 00:00:00,1438812.46447535,436.05,54.98968957,3408
702,2016-05-23 00:00:00,1747819.1682553,438.47,43.20770201,3408
703,2016-05-26 00:00:00,1357376.35658448,448.7,59.87550803,3383
704,2016-05-29 00:00:00,1456454.92275853,526.64,52.34180926,3392
705,2016-06-01 00:00:00,1426731.35290631,531.97,52.33924442,3417
706,2016-06-04 00:00:00,1179034.93747119,567.88,54.69656979,3400
707,2016-06-07 00:00:00,1406915.6396715,583.72,52.13956486,3392
708,2016-06-10 00:00:00,1403462.33970866,574.32,53.21550949,3392
709,2016-06-13 00:00:00,1569148.86592427,665.85,52.42482099,3392
710,2016-06-16 00:00:00,1452193.67094854,693.88,83.38614703,3392
711,2016-06-19 00:00:00,1725089.1258919,751.96,70.57830565,3375
712,2016-06-22 00:00:00,1343144.51552102,664.46,76.28917579,3417
713,2016-06-25 00:00:00,1728387.51609681,665,74.11847429,3408
714,2016-06-28 00:00:00,1551383.97529172,651.85,61.78464957,3375
715,2016-07-01 00:00:00,1634679.7592,667.95,62.5040288,3400
716,2016-07-04 00:00:00,1601825.83564846,656.97,45.47185343,3475
717,2016-07-07 00:00:00,1463920.30012906,673.76,55.67845334,3433
718,2016-07-10 00:00:00,1654866.42623285,647.41,47.40040469,3408
719,2016-07-13 00:00:00,1379055.35519404,664.5,51.17140866,2625
720,2016-07-16 00:00:00,1665474.54434972,663.19,55.22548963,1700
721,2016-07-19 00:00:00,1358434.53362342,673.46,59.07113707,1696
722,2016-07-22 00:00:00,1369047.30341735,664,60.4162541,1692
723,2016-07-25 00:00:00,1400885.61279915,661.48,50.9057638,1692
724,2016-07-28 00:00:00,1453949.46176882,655.37,74.91411699,1692
725,2016-07-31 00:00:00,1634366.54826568,654.68,65.72047583,1700
726,2016-08-03 00:00:00,1686075.87924624,530.74,81.38920804,1700
727,2016-08-06 00:00:00,1676039.71329835,572.72,74.55527344,1683
728,2016-08-09 00:00:00,1254520.74348679,591.69,86.44357031,1688
729,2016-08-12 00:00:00,1495388.72623625,586.01,79.92226711,1692
730,2016-08-15 00:00:00,1577645.90337332,567.34,61.62650466,1688
731,2016-08-18 00:00:00,1664092.25424309,570.92,73.73160399,1688
732,2016-08-21 00:00:00,1761344.39897158,577.52,61.21304534,1708
733,2016-08-24 00:00:00,1653286.46038437,581.98,67.65790776,1688
734,2016-08-27 00:00:00,1556034.31565588,577.77,62.44953714,1717
735,2016-08-30 00:00:00,1810682.89469399,571.5,64.37949671,1704
736,2016-09-02 00:00:00,1678996.86598897,571,63.48703333,1696
737,2016-09-05 00:00:00,1536337.00155853,603.95,46.63006916,1696
738,2016-09-08 00:00:00,1580232.34446021,615.33,63.76239601,1696
739,2016-09-11 00:00:00,1799709.05896857,621.65,51.15995466,1700
740,2016-09-14 00:00:00,1751289.22289128,608.82,68.05656902,1713
741,2016-09-17 00:00:00,1829872.71366204,607.04,63.99372021,1683
742,2016-09-20 00:00:00,1717610.58398952,608.66,66.12043758,1696
743,2016-09-23 00:00:00,1526764.96354624,594.08,62.72699094,1683
744,2016-09-26 00:00:00,1834694.78230379,598.98,49.59149659,1696
745,2016-09-29 00:00:00,1714780.09064995,603.85,64.74431075,1688
746,2016-10-02 00:00:00,1690797.15231918,612.98,58.7351644,1688
747,2016-10-05 00:00:00,2002575.35061917,607.18,71.03602966,1692
748,2016-10-08 00:00:00,2171858.80432592,614.74,72.05178137,1696
749,2016-10-11 00:00:00,1786321.73846925,614.77,67.8353189,1688
750,2016-10-14 00:00:00,1747768.03188358,634.02,67.12105979,1696
751,2016-10-17 00:00:00,1606404.44106947,638.97,57.54846761,1704
752,2016-10-20 00:00:00,1722065.56082647,627.72,62.38149631,1688
753,2016-10-23 00:00:00,1815470.12498659,653.25,66.62886636,1683
754,2016-10-26 00:00:00,1752432.967869,651.45,99.0913517100001,1688
755,2016-10-29 00:00:00,1878507.28210418,685.91,82.18591551,1683
756,2016-11-01 00:00:00,1815470.12498659,697.01,76.30761672,1692
757,2016-11-04 00:00:00,1462462.04512809,683.69,78.9896584,1700
758,2016-11-06 23:00:00,1847956.77194818,709.96,70.81542827,1683
759,2016-11-09 23:00:00,2126416.01155681,721.5,83.73198606,1692
760,2016-11-12 23:00:00,1809985.0574561,702.28,65.89536127,1696
761,2016-11-15 23:00:00,2177044.96421293,711.73,81.45867865,1692
762,2016-11-18 23:00:00,1989192.73972682,748.98,83.54457183,1683
763,2016-11-21 23:00:00,1877125.54312249,736.97,94.92004537,1692
764,2016-11-24 23:00:00,2129276.73548223,735.64,135.86177837,1696
765,2016-11-27 23:00:00,2297377.53038872,727.31,81.15381886,1700
766,2016-11-30 23:00:00,2045226.33802898,742.05,99.56774283,1692
767,2016-12-03 23:00:00,2109770.13119712,762.97,101.13526766,1692
768,2016-12-06 23:00:00,2494660.6281047,758.99,119.47737538,1692
769,2016-12-09 23:00:00,1881686.8737704,769.08,96.30486037,1708
770,2016-12-12 23:00:00,2537426.23887221,777.99,93.1264006,1696
771,2016-12-15 23:00:00,2050571.62855749,775.88,100.43219466,1692
772,2016-12-18 23:00:00,2343510.43263714,788.67,80.81959375,1683
773,2016-12-21 23:00:00,2451435.25519279,834.97,114.92502583,1700
774,2016-12-24 23:00:00,2574777.90954212,892.6,83.58322018,1704
775,2016-12-27 23:00:00,2589949.6705277,930.34,99.53217417,1708
776,2016-12-30 23:00:00,2337271.65389085,958.12,100.318724,1704
777,2017-01-02 23:00:00,2589949.6705277,1013.42,112.88414659,1692
778,2017-01-05 23:00:00,2542572.54240829,999.65,114.99194252,1688
779,2017-01-08 23:00:00,2147763.14141322,910.49,91.2413481999999,1692
780,2017-01-11 23:00:00,2897297.86405773,780.92,111.82087465,1692
781,2017-01-14 23:00:00,2796813.54507307,819.55,86.85666196,1696
782,2017-01-17 23:00:00,2528855.36111398,906.6,109.39305302,1708
783,2017-01-20 23:00:00,3031276.95603728,895.64,104.84963495,1688
784,2017-01-23 23:00:00,2910612.14912321,919.97,109.01172711,1704
785,2017-01-26 23:00:00,3320832.65336205,915.05,123.55631958,1683
786,2017-01-29 23:00:00,2852009.21994623,912.19,119.8377983,1683
787,2017-02-01 23:00:00,3066886.62692848,983.42,154.9165724,1700
788,2017-02-04 23:00:00,3336807.82080216,1034.07,138.64644801,1700
789,2017-02-07 23:00:00,3063987.05557934,1052.84,170.75671139,1692
790,2017-02-10 23:00:00,2917083.5666132,997.59,139.77915541,1692
791,2017-02-13 23:00:00,3546669.94789663,1001.2,136.77242215,1692
792,2017-02-16 23:00:00,3168918.11912658,1035.2,169.87720101,1704
793,2017-02-19 23:00:00,3242870.59291391,1050.87,129.44377921,1688
794,2017-02-22 23:00:00,3286693.16849383,1130.01,182.03570523,1708
795,2017-02-25 23:00:00,3900209.22661268,1150.37,191.30417997,1696
796,2017-02-28 23:00:00,3155225.44175408,1190.89,227.3714723,1688
797,2017-03-03 23:00:00,3069265.84971519,1287,259.68606189,1688
798,2017-03-06 23:00:00,3504460.26124197,1279.5,238.98093612,1696
799,2017-03-09 23:00:00,3573175.16832514,1192.09,236.67178552,1700
800,2017-03-13 00:00:00,3321220.50902016,1227.68,190.62879952,1683
801,2017-03-16 00:00:00,3504460.26124197,1257,236.25501962,1708
802,2017-03-19 00:00:00,3925474.04529489,967.69,217.05770532,1704
803,2017-03-22 00:00:00,3807236.87525589,1113,248.6366135,1692
804,2017-03-25 00:00:00,3145108.72303748,927.93,231.55050182,1692
805,2017-03-28 00:00:00,3665352.27120909,1041.04,194.84378734,1692
806,2017-03-31 00:00:00,3352999.96635355,1034.74,203.40448684,1704
807,2017-04-03 00:00:00,4371318.47465352,1079.99,180.73640574,1704
808,2017-04-06 00:00:00,3651044.4078072,1133.53,236.29861443,1713
809,2017-04-09 00:00:00,3949088.84926085,1184.03,171.61302076,1713
810,2017-04-12 00:00:00,3526859.22386818,1219.09,226.34667638,1704
811,2017-04-15 00:00:00,3909321.04724491,1170.36,235.48446532,1696
812,2017-04-18 00:00:00,3779873.33044872,1176.97,180.72834518,1688
813,2017-04-21 00:00:00,4323553.74099272,1236.63,228.37557725,1721
814,2017-04-24 00:00:00,3210303.37654549,1240.84,169.67309519,1696
815,2017-04-27 00:00:00,3814281.63369607,1288.02,253.84367765,1717
816,2017-04-30 00:00:00,3918071.61012318,1333,256.37648122,1696
817,2017-05-03 00:00:00,3425069.22209443,1447.55,272.67966183,1696
818,2017-05-06 00:00:00,4359179.00993837,1518.75,261.31168454,1696
819,2017-05-09 00:00:00,4021861.58655028,1651.1,316.4495528,1692
820,2017-05-12 00:00:00,4286790.82682718,1829,279.58022914,1704
821,2017-05-15 00:00:00,4732171.69195208,1780,297.47622441,1683
822,2017-05-18 00:00:00,3952755.1779835,1783.98,485.9361122,1708
823,2017-05-21 00:00:00,4091936.69833503,2008.84,387.7538543,1708
824,2017-05-24 00:00:00,4562009.63318118,2256.32,468.38356854,1704
825,2017-05-27 00:00:00,4976737.78165219,2279.82,469.79624965,1700
826,2017-05-30 00:00:00,5302595.6125937,2290.02,494.90441559,1692
827,2017-06-02 00:00:00,4325022.11976917,2409.93,569.07004507,1700
828,2017-06-05 00:00:00,5533581.08610618,2529.53,441.99355556,1683
829,2017-06-08 00:00:00,5567322.4341922,2683.03,668.13204735,1696
830,2017-06-11 00:00:00,4926236.82055794,2898.63,390.9040331,1692
831,2017-06-14 00:00:00,4723788.73204186,2706,479.43977642,1696
832,2017-06-17 00:00:00,5129905.64429561,2477.94,375.35139576,1688
833,2017-06-20 00:00:00,4882255.02698479,2600,387.16284645,1692
834,2017-06-23 00:00:00,5660585.53853309,2713.48,447.10509654,1704
835,2017-06-26 00:00:00,5023769.66544811,2502.03,258.68838592,1696
836,2017-06-29 00:00:00,4245439.15389981,2558.3,385.86002411,1688
837,2017-07-02 00:00:00,6622798.79067395,2421.26,255.27403629,1708
838,2017-07-05 00:00:00,5248920.31814053,2598.89,293.93425872,1688
839,2017-07-08 00:00:00,5812562.76841065,2502.86,240.65571245,1688
840,2017-07-11 00:00:00,6094383.99354571,2327.09,205.57250621,1704
841,2017-07-14 00:00:00,5559049.84406697,2338.49,210.79018124,1692
842,2017-07-17 00:00:00,5918988.32317922,1910.96,166.92852306,1692
843,2017-07-20 00:00:00,6478892.62402049,2265.21,201.60223858,1688
844,2017-07-23 00:00:00,6878824.26747855,2825.51,171.03691992,1688
845,2017-07-26 00:00:00,5878995.15883341,2564.3,168.49293292,1704
846,2017-07-29 00:00:00,6713613.08566083,2784.8,188.43132327,1704
847,2017-08-01 00:00:00,6371518.15135964,2862.9,194.86886623,1692
848,2017-08-04 00:00:00,7654374.1549891,2790,124.10595421,1692
849,2017-08-07 00:00:00,6542565.61851024,3210.2,87.90639938,1696
850,2017-08-10 00:00:00,6149818.07831441,3340.28,157.95191308,1692
851,2017-08-13 00:00:00,6792336.38500398,3868.52,210.75240215,1696
852,2017-08-16 00:00:00,5966241.41926025,4179.97,350.45038263,1704
853,2017-08-19 00:00:00,6930018.8792946,4104.71,337.96192313,1708
854,2017-08-22 00:00:00,4084580.66395509,3986.28,297.96496476,1700
855,2017-08-25 00:00:00,4459277.5076504,4331.77,385.99923422,1688
856,2017-08-28 00:00:00,5695512.85630595,4339.05,358.8427277,1692
857,2017-08-31 00:00:00,7196655.77967341,4582.52,388.49753062,1683
858,2017-09-03 00:00:00,6799294.41760555,4585.57,290.49925993,1692
859,2017-09-06 00:00:00,7430760.7659943,4385.02,281.90480312,1692
860,2017-09-09 00:00:00,7751843.02131504,4312.26,217.76572461,1696
861,2017-09-12 00:00:00,8623352.00004277,4198.59,159.73383041,1704
862,2017-09-15 00:00:00,8256400.85110478,3216.43,153.73503588,1713
863,2017-09-18 00:00:00,6965995.45167762,3678.53,99.41066001,1688
864,2017-09-21 00:00:00,9653662.98815166,3894.48,146.40700953,1692
865,2017-09-24 00:00:00,7953301.89364767,3777.62,99.6958580500001,1683
866,2017-09-27 00:00:00,8063002.60942212,3881,150.08561133,1692
867,2017-09-30 00:00:00,7569349.3884371,4164.27,115.33216245,1692
868,2017-10-03 00:00:00,10223761.0883278,4394.07,180.47323995,1683
869,2017-10-06 00:00:00,8882939.96198973,4318.58,160.34424031,1692
870,2017-10-09 00:00:00,8994675.05585124,4605.66,111.79647505,1700
871,2017-10-12 00:00:00,8547734.68040521,4822.17,148.17289183,1696
872,2017-10-15 00:00:00,11601113.0653046,5825.99,227.59563891,1683
873,2017-10-18 00:00:00,8983426.01467175,5594.66,209.13726138,1692
874,2017-10-21 00:00:00,9102411.78970051,5986.44,161.97244556,1700
875,2017-10-24 00:00:00,9935312.21490186,5900.59,185.64433949,1683
876,2017-10-27 00:00:00,7510989.94359475,5889.82,112.65051758,1688
877,2017-10-30 00:00:00,10616495.4010426,6136.49,278.85712501,1696
878,2017-11-02 00:00:00,10833158.5724924,6751.98,296.93760422,1692
879,2017-11-05 00:00:00,10183169.0581429,7365.99,273.249729,1688
880,2017-11-07 23:00:00,10399832.2295927,7128.64,294.12731396,1700
881,2017-11-10 23:00:00,5426063.16330753,6569.22,319.97295719,1692
882,2017-11-13 23:00:00,8681701.06129205,6493.63,783.38626441,1688
883,2017-11-16 23:00:00,11326906.8534045,7868.77,502.64025918,1692
884,2017-11-19 23:00:00,11869513.1697352,8049.72,247.44354414,1692
885,2017-11-22 23:00:00,10648648.957991,8236.72,256.40318228,1700
886,2017-11-25 23:00:00,10244850.0585939,8768.8,195.63976527,1696
887,2017-11-28 23:00:00,11584046.1446846,9919,245.23091351,1700
888,2017-12-01 23:00:00,10780528.4930301,10879.88,247.0519056,1696
889,2017-12-04 23:00:00,11918845.1662072,11591.22,226.11990963,1692
890,2017-12-07 23:00:00,12337090.7722833,16860.88,364.60560502,1700
891,2017-12-10 23:00:00,13523349.5003875,15068.95,458.10029691,1688
892,2017-12-13 23:00:00,14630524.3132847,16252.31,604.2979452,1692
893,2017-12-16 23:00:00,14630524.3132847,19279.9,534.01138337,1700
894,2017-12-19 23:00:00,12663310.6376441,17382.94,662.59550536,1688
895,2017-12-22 23:00:00,12942648.372298,13776.61,1495.94647734,1688
896,2017-12-25 23:00:00,13221986.1069519,13740.94,689.39441204,1696
897,2017-12-28 23:00:00,15363575.4059653,14214.01,785.83389168,1688
898,2017-12-31 23:00:00,14975580.9596883,13796,545.14452622,1692
899,2018-01-03 23:00:00,16127548.7258182,15039.24,749.68547259,1700
900,2018-01-06 23:00:00,15551564.8427532,17155.95,694.47790564,1688
901,2018-01-09 23:00:00,15935554.0981299,14437.42,752.4182028,1688
902,2018-01-12 23:00:00,16501289.1137539,13791.19,617.63579417,1696
903,2018-01-15 23:00:00,17608758.1817911,13554.14,510.11761779,1683
904,2018-01-18 23:00:00,18273239.6226134,11174.82,656.89753535,1700
905,2018-01-21 23:00:00,18494733.4362209,11513.42,343.36269629,1700
906,2018-01-24 23:00:00,20445148.5647756,11392.03,283.49809897,1688
907,2018-01-27 23:00:00,20445148.5647756,11431.37,168.25469362,1688
908,2018-01-30 23:00:00,15139761.9118908,10082.52,160.30090386,1696
909,2018-02-02 23:00:00,20445148.5647756,8852.73,274.36258243,1700
910,2018-02-05 23:00:00,24293141.3193202,6925.46,173.7675019,1688
911,2018-02-08 23:00:00,19291612.224166,8245.08,87.98500449,1692
912,2018-02-11 23:00:00,23721537.9941597,8068.02,61.96458348,1683
913,2018-02-14 23:00:00,18720008.8990056,9471.64,63.75846926,1704
914,2018-02-17 23:00:00,23149934.6689992,11085.83,48.63875388,1688
915,2018-02-20 23:00:00,25265138.8267172,11245.98,52.23072575,1704
916,2018-02-23 23:00:00,21677190.1175976,10171.3,73.94810594,1683
917,2018-02-26 23:00:00,23919658.0607974,10319.46,46.19035139,1692
918,2018-03-01 23:00:00,23321666.6092775,10931.12,52.05574602,1692
919,2018-03-04 23:00:00,24372959.7309369,11516.83,33.46586197,1700
920,2018-03-07 23:00:00,26499459.5732334,9920.46,34.8377064,1688
921,2018-03-10 23:00:00,25027267.3747204,8777.37,40.27322368,1696
922,2018-03-14 00:00:00,23555075.1762075,9153.54,60.67628875,1692
923,2018-03-17 00:00:00,24372959.7309369,8297.89,29.65177072,1696
924,2018-03-20 00:00:00,21859737.3155061,8605.64,30.78064883,1688
925,2018-03-23 00:00:00,22892480.8107269,8725.37,27.7247885,1696
926,2018-03-26 00:00:00,25818587.3805191,8457.96,20.23147507,1688
927,2018-03-29 00:00:00,26162835.2122593,7950.61,24.09273355,1696
928,2018-04-01 00:00:00,28274794.2168317,6937.56,20.07447617,1696
929,2018-04-04 00:00:00,25656757.7152732,7426.48,25.12929851,1688
930,2018-04-07 00:00:00,31416438.0187018,6634.68,34.53138383,1692
931,2018-04-10 00:00:00,28623865.7503728,6784.41,22.42407623,1688
932,2018-04-13 00:00:00,28798401.5171434,7941.46,35.70920887,1692
933,2018-04-16 00:00:00,26910340.4324498,8368.1,24.30501194,1688
934,2018-04-19 00:00:00,33971919.1274899,8175.96,25.31797642,1688
935,2018-04-22 00:00:00,30536556.519092,8930.6,28.40590158,1688
936,2018-04-25 00:00:00,23474977.824052,9658.11,65.4108642,1700
937,2018-04-28 00:00:00,25592018.8297784,8928.55,55.63050596,1688
938,2018-05-01 00:00:00,31590148.2430077,9239.55,36.71911167,1696
939,2018-05-04 00:00:00,27591395.3008549,9753.35,39.40065166,1692
940,2018-05-07 00:00:00,29990647.0661466,9631.44,31.28195837,1700
941,2018-05-10 00:00:00,30790397.6545772,9310.37,30.52956993,1688
942,2018-05-13 00:00:00,30487010.8112811,8463.52,28.38834405,1704
943,2018-05-16 00:00:00,36872803.6163467,8471.06,37.83474629,1696
944,2018-05-19 00:00:00,31722970.7090357,8239.08,70.13995212,1696
945,2018-05-22 00:00:00,31104990.7601584,8396.63,31.28915469,1692
946,2018-05-25 00:00:00,37681533.9302713,7576.78,29.75362781,1692
947,2018-05-28 00:00:00,33399541.438195,7344.56,19.47089221,1688
948,2018-05-31 00:00:00,36396936.1826484,7386.72,22.66213792,1692
949,2018-06-03 00:00:00,34898238.8104217,7637.14,16.27842016,1692
950,2018-06-06 00:00:00,36103754.4868926,7619.43,18.52827963,1692
951,2018-06-09 00:00:00,35121339.3988139,7615.54,17.89042019,1688
952,2018-06-12 00:00:00,35612546.9428532,6879.31,24.67101897,1692
953,2018-06-15 00:00:00,37577377.1190106,6637.41,28.01723114,1688
954,2018-06-18 00:00:00,40279018.6112271,6445.79,23.48902029,1700
955,2018-06-21 00:00:00,42908653.8315633,6760.83,203.28532024,1683
956,2018-06-24 00:00:00,43161057.6776313,6170.46,31.93798474,1688
957,2018-06-27 00:00:00,30540865.3742303,6097.46,32.34384664,1713
958,2018-06-30 00:00:00,35588942.2955907,6223.28,27.41063627,1688
959,2018-07-03 00:00:00,30929068.6931155,6626.44,23.48063765,1696
960,2018-07-06 00:00:00,42660784.4042972,6555.51,19.76600519,1696
961,2018-07-09 00:00:00,36261666.7436526,6724.04,15.64479917,1692
962,2018-07-12 00:00:00,37594816.2562869,6403.18,20.44250057,1696
963,2018-07-15 00:00:00,35461777.0360721,6248.84,15.01264127,1704
964,2018-08-04 00:00:00,52051671.9161698,7607.7,17.19453121,1688
965,2018-08-07 00:00:00,44657968.5189865,7011.28,18.61533926,1683
966,2018-08-10 00:00:00,52051671.9161698,6718.23,20.41451761,1692
967,2018-08-13 00:00:00,47642199.754279,6138.96,19.92080467,1692
968,2018-08-16 00:00:00,50183117.0745072,6252.13,24.04769454,1688
969,2018-08-19 00:00:00,46054126.4291363,6312.75,17.04586085,1688
970,2018-08-22 00:00:00,50818346.4045642,6486.58,24.27418043,1692
971,2018-08-25 00:00:00,45145645.9144977,6354.57,21.06312548,1704
972,2018-08-28 00:00:00,51165065.369764,6738.27,45.21346372,1688
973,2018-08-31 00:00:00,51833889.7536825,7078.19,25.25628116,1696
974,2018-09-03 00:00:00,48155355.6421309,7018.78,19.91598267,1683
975,2018-09-06 00:00:00,50161828.7938863,7265.08,31.29006024,1683
976,2018-09-09 00:00:00,56874984.6776413,6501.19,18.37028897,1688
977,2018-09-12 00:00:00,58619616.1094708,6240.98,23.91441308,1692
978,2018-09-15 00:00:00,48849680.0912257,6326.04,15.69995673,1688
979,2018-09-18 00:00:00,49547532.6639575,6522.39,19.01368472,1692
980,2018-09-21 00:00:00,51200543.8778585,6342.39,25.61259462,1700
981,2018-09-24 00:00:00,52622781.2077991,6756.12,15.50844294,1692
982,2018-09-27 00:00:00,50844984.5453734,6583.45,23.65350638,1688
983,2018-09-30 00:00:00,57956171.195076,6686.08,15.42794706,1700
984,2018-10-03 00:00:00,51556103.2103437,6611.02,21.36448501,1688
985,2018-10-06 00:00:00,46323562.6981987,6483.73,17.57876392,1692
986,2018-10-09 00:00:00,48176505.2061266,6573.62,16.66631934,1688
987,2018-10-12 00:00:00,48917682.2092978,6626.85,18.44585713,1700
988,2018-10-15 00:00:00,60035337.2568655,6247,23.09602031,1692
989,2018-10-18 00:00:00,50951835.5499124,6599.17,18.05926167,1692
990,2018-10-21 00:00:00,49274490.4825221,6509.61,12.46404029,1696
991,2018-10-24 00:00:00,40347952.3516304,6504.78,16.94168952,1683
992,2018-10-27 00:00:00,48560367.4320507,6489.77,13.09651959,1688
993,2018-10-30 00:00:00,54987474.8862927,6457.21,18.77140942,1688
994,2018-11-02 00:00:00,51070835.0767129,6301.61,18.32471846,1688
995,2018-11-04 23:00:00,51070835.0767129,6390.42,18.42231881,1696
996,2018-11-07 23:00:00,43213783.5264494,6437.76,20.99890399,1688
997,2018-11-10 23:00:00,52142251.1972034,6444.97,14.13978687,1688
998,2018-11-13 23:00:00,48213725.4220716,6408.53,25.82337117,1696
999,2018-11-16 23:00:00,47956936.4976083,5756.77,21.55099415,1688
1000,2018-11-19 23:00:00,43657349.0874779,5572.44,69.36765011,1692
1001,2018-11-22 23:00:00,41342186.6358693,4491.98,36.98433712,1688
1002,2018-11-25 23:00:00,36711861.7326519,4352.98,38.27901151,1696
1003,2018-11-28 23:00:00,34727436.7741302,3793.35,45.07238045,1696
1004,2018-12-01 23:00:00,37704074.2119128,4278.77,23.24535308,1683
1005,2018-12-04 23:00:00,36488953.5266859,4140.6,26.31110179,1692
1006,2018-12-07 23:00:00,35646900.7529932,3744.98,19.7523634,1692
1007,2018-12-10 23:00:00,35085532.237198,3453.66,23.31901099,1688
1008,2018-12-13 23:00:00,40979901.6530473,3407.28,25.09538231,1688
1009,2018-12-16 23:00:00,44909481.2636135,3242.42,20.97551137,1700
1010,2018-12-19 23:00:00,34268624.157749,3556.54,27.62806589,1683
1011,2018-12-22 23:00:00,44676132.2352876,4135.19,15.44952443,1683
1012,2018-12-25 23:00:00,39853140.68716,3995.17,16.22660938,1692
1013,2018-12-28 23:00:00,35030149.1390323,3848.21,15.31251107,1683
1014,2018-12-31 23:00:00,41615985.2733737,3770.36,11.22870449,1696
1015,2019-01-03 23:00:00,41615985.2733737,3855.88,19.57925017,1700
1016,2019-01-06 23:00:00,39381569.9566825,3856.62,23.87585077,1692
1017,2019-01-09 23:00:00,43571098.6754785,4032.25,25.84515048,1721
1018,2019-01-12 23:00:00,38264362.2983369,3646.25,14.17709438,1700
1019,2019-01-15 23:00:00,38901788.6362525,3531.96,25.07927963,1688
1020,2019-01-18 23:00:00,38901788.6362525,3621.43,17.57732062,1692
1021,2019-01-21 23:00:00,38024304.6820513,3703.98,20.9003654,1696
1022,2019-01-24 23:00:00,40364261.8932544,3587.35,24.82339222,1692
1023,2019-01-27 23:00:00,42070546.8156134,3577.79,24.16321392,1692
1024,2019-01-30 23:00:00,44802503.958942,3448.58,29.03627429,1688
1025,2019-02-02 23:00:00,39888680.9440903,3444.81,14.74322284,1688
1026,2019-02-05 23:00:00,47403939.672687,3456.02,21.79051765,1696
1027,2019-02-08 23:00:00,43357261.8957503,3405.7,17.75264078,1683
1028,2019-02-11 23:00:00,38568926.138295,3664.38,34.31602175,1692
1029,2019-02-14 23:00:00,38267606.4028396,3632.42,26.46547377,1696
1030,2019-02-17 23:00:00,46704558.9955916,3608.2,29.40410079,1692
1031,2019-02-20 23:00:00,35857048.5191961,3910.8,34.71560858,1696
1032,2019-02-23 23:00:00,41298258.2978092,3944.88,29.55542146,1692
1033,2019-02-26 23:00:00,42558467.7050556,3766.89,32.66318415,1688
1034,2019-03-01 23:00:00,39841969.766435,3833.23,25.32153705,1688
1035,2019-03-04 23:00:00,44973132.539385,3831.44,29.02363002,1688
1036,2019-03-07 23:00:00,44067633.2265115,3872.25,34.53420729,1700
1037,2019-03-11 00:00:00,42839445.3543434,3875.96,30.82179358,1692
1038,2019-03-14 00:00:00,46761366.4079101,3881.09,37.56437664,1688
1039,2019-03-17 00:00:00,44046190.2939024,3885.21,16.78071195,1700
1040,2019-03-20 00:00:00,48571483.8172485,3994.92,27.1997923,1696
1041,2019-03-23 00:00:00,43744504.0590126,4056.4,17.94886278,1700
1042,2019-03-26 00:00:00,42493410.7542353,4011.92,36.41495629,1692
1043,2019-03-29 00:00:00,46615905.8274074,3947.74,63.48208552,1692
1044,2019-04-01 00:00:00,43127640.7654926,4115.55,61.8467373,1696
1045,2019-04-04 00:00:00,44396100.788007,4152.53,154.4635303,1683
1046,2019-04-07 00:00:00,44809649.5150327,4911.24,85.51644481,1692
1047,2019-04-10 00:00:00,47034242.0441478,5189.39,111.78539463,1700
1048,2019-04-13 00:00:00,42902855.9186484,5310.18,66.22119369,1683
1049,2019-04-16 00:00:00,46080845.2459556,5064.62,76.56869368,1683
1050,2019-04-19 00:00:00,48305437.7750707,5196.65,78.43301725,1700
1051,2019-04-22 00:00:00,42318655.5416624,5277.04,70.12693315,1696
1052,2019-04-25 00:00:00,45160953.3019234,5377.19,94.30087588,1696
1053,2019-04-28 00:00:00,51477170.5469476,5195.61,47.95393039,1692
1054,2019-05-01 00:00:00,54003657.4449573,5301.29,65.62521893,1692
1055,2019-05-04 00:00:00,43006075.3622154,5326.67,60.62915441,1704
1056,2019-05-07 00:00:00,42312167.3509307,5771.08,92.31932906,1696
1057,2019-05-10 00:00:00,41645834.0068216,5755.72,123.74361638,1688
1058,2019-05-13 00:00:00,55638834.2331136,6348.02,112.20050336,1692
1059,2019-05-16 00:00:00,48642334.1199676,7823.11,228.51579452,1704
1060,2019-05-19 00:00:00,54326123.0260958,7885.96,125.66729304,1688
1061,2019-05-22 00:00:00,55659279.4193742,8193.7,176.73831345,1683
1062,2019-05-25 00:00:00,46660473.7647449,7625.93,128.11880175,1688
1063,2019-05-28 00:00:00,54659412.1244154,8071.45,192.95031406,1683
1064,2019-05-31 00:00:00,43386260.5763838,8719.88,205.0372363,1708
1065,2019-06-03 00:00:00,44127906.056322,8553.81,198.99326951,1688
1066,2019-06-06 00:00:00,58219170.1751475,8134.92,122.18994068,1688
1067,2019-06-09 00:00:00,54510942.7754566,7803.23,62.99063806,1696
1068,2019-06-12 00:00:00,48577778.9359511,7640.61,108.86976113,1692
1069,2019-06-15 00:00:00,53775192.2320125,8173.06,78.70156593,1683
1070,2019-06-18 00:00:00,60036687.2179318,8859.47,116.53825829,1692
1071,2019-06-21 00:00:00,48986990.1839566,9076.18,126.23246862,1683
1072,2019-06-24 00:00:00,65193212.5004535,10209.38,102.09827261,1683
1073,2019-06-27 00:00:00,55539973.1845089,11017.5,200.10125128,1696
1074,2019-06-30 00:00:00,59954383.5044098,11132.85,104.91860437,1688
1075,2019-07-03 00:00:00,67843118.1760427,10737.73,94.74754649,1688
1076,2019-07-06 00:00:00,70209738.5775326,11984.76,50.61747346,1688
1077,2019-07-09 00:00:00,65740170.4585491,11232.04,71.27502267,1688
1078,2019-07-12 00:00:00,73895419.9463116,12586.78,67.42668665,1700
1079,2019-07-15 00:00:00,65784947.025375,11803.97,63.9174649,1692
1080,2019-07-18 00:00:00,54520401.3018519,10873.5,72.10541604,1683
1081,2019-07-21 00:00:00,67136692.5121977,10638.56,37.55119006,1692
1082,2019-07-24 00:00:00,62282811.3455415,10587.41,49.90886061,1688
1083,2019-07-27 00:00:00,68107822.4785777,9772.17,33.04147241,1692
1084,2019-07-30 00:00:00,63627044.6839344,9473.99,60.22741784,1688
1085,2019-08-02 00:00:00,75725144.7294713,9589.13,44.68839341,1692
1086,2019-08-05 00:00:00,70305379.0080994,10529.55,42.2581814,1688
1087,2019-08-08 00:00:00,70485156.5393414,11787.99,70.35974254,1704
1088,2019-08-11 00:00:00,75945274.2994312,11996.41,30.3457089,1688
1089,2019-08-14 00:00:00,75448899.9576049,11566.84,58.70170397,1696
1090,2019-08-17 00:00:00,63535915.7537725,10016.96,35.38250195,1700
1091,2019-08-20 00:00:00,77452265.232684,10214.52,46.69008955,1692
1092,2019-08-23 00:00:00,77452265.232684,10760.56,41.47394501,1692
1093,2019-08-26 00:00:00,69352681.9403772,10405.81,33.17030815,1692
1094,2019-08-29 00:00:00,83526952.7019141,10360.28,33.917443,1692
1095,2019-09-01 00:00:00,75959123.8204752,9484.55,20.06226895,1692
1096,2019-09-04 00:00:00,72825124.7697365,9769.79,37.34474772,1692
1097,2019-09-07 00:00:00,80321828.7901505,10584.16,26.71813665,1696
1098,2019-09-10 00:00:00,97457152.2653826,10487.21,37.34868133,1688
1099,2019-09-13 00:00:00,81711974.361587,10101.03,27.54043167,1692
1100,2019-09-16 00:00:00,96346803.0777296,10363.9,29.25867219,1688
1101,2019-09-19 00:00:00,87480532.8558527,10265.63,36.54501485,1692
1102,2019-09-22 00:00:00,98120057.122105,10275.88,20.52728871,1692
1103,2019-09-25 00:00:00,92209210.3075204,10033.05,42.82475804,1688
1104,2019-09-28 00:00:00,100852756.01995,8432.23,23.16487157,1700
1105,2019-10-01 00:00:00,90704051.0116529,8225,48.26497357,1696
1106,2019-10-04 00:00:00,93241227.2637271,8322.92,27.80367596,1692
1107,2019-10-07 00:00:00,98315579.7678755,8155.48,24.7041595,1688
1108,2019-10-10 00:00:00,103681264.292523,8212.02,33.46657648,1696
1109,2019-10-13 00:00:00,91822275.6667605,8586.9,16.18085575,1696
1110,2019-10-16 00:00:00,92468911.4108927,8283.76,29.13647841,1696
1111,2019-10-19 00:00:00,91822275.6667605,8002.51,18.30723571,1692
1112,2019-10-22 00:00:00,109281440.758328,7960.04,22.21592037,1700
1113,2019-10-25 00:00:00,93923788.6805996,8026.76,36.08670023,1692
1114,2019-10-28 00:00:00,91201360.0231908,8666.79,37.98415405,1692
1115,2019-10-31 00:00:00,89840145.6944865,9218.76,35.46517509,1683
1116,2019-11-03 00:00:00,93923788.6805996,9147.98,26.0661656,1688
1117,2019-11-05 23:00:00,89840145.6944865,9206.16,38.66539842,1696
1118,2019-11-08 23:00:00,91053344.3806535,9343.34,29.44260954,1692
1119,2019-11-11 23:00:00,85362510.3568626,8809.41,28.65525709,1683
1120,2019-11-14 23:00:00,99905752.8621059,8801.52,29.64859081,1688
1121,2019-11-17 23:00:00,88524084.8145242,8457.69,27.82718296,1683
1122,2019-11-20 23:00:00,87143254.9641945,8175.99,36.85944226,1692
1123,2019-11-23 23:00:00,84482300.5950993,7617.07,17.0147224,1696
1124,2019-11-26 23:00:00,89641525.0589222,6907.4,33.86031284,1692
1125,2019-11-29 23:00:00,81257785.30521,7523.83,27.23029381,1692
1126,2019-12-02 23:00:00,101894683.160501,7557.72,25.47734062,1700
1127,2019-12-05 23:00:00,92816137.3771571,7296.77,25.03292648,1688
1128,2019-12-08 23:00:00,94736471.2539258,7547.19,21.82070486,1692
1129,2019-12-11 23:00:00,85134801.870082,7337.42,22.56385567,1683
1130,2019-12-14 23:00:00,79373800.2397757,7189.16,20.4478166,1688
1131,2019-12-17 23:00:00,85774913.1623382,7111.14,27.48314294,1692
1132,2019-12-20 23:00:00,113287340.369223,7284.29,16.60936724,1688
1133,2019-12-23 23:00:00,80459758.7849593,7143.2,17.60848203,1692
1134,2019-12-26 23:00:00,93333320.1905527,7250.69,17.11633792,1688
1135,2019-12-29 23:00:00,106850559.666426,7243.93,15.90283263,1692
1136,2020-01-01 23:00:00,96717718.3123778,7219.6,13.78084459,1692
1137,2020-01-04 23:00:00,111808426.134167,6944.33,11.88711242,1692
1138,2020-01-07 23:00:00,97403659.5770046,7351.57,30.83081053,1692
1139,2020-01-10 23:00:00,111808426.134167,8042.65,18.38352814,1688
1140,2020-01-13 23:00:00,99607271.2200415,8021.49,26.221577,1696
1141,2020-01-16 23:00:00,116791417.080951,8842.42,24.29323765,1688
1142,2020-01-19 23:00:00,111649656.580532,8900.34,17.74334005,1688
1143,2020-01-22 23:00:00,116791417.080951,8626.47,21.03754657,1688
1144,2020-01-25 23:00:00,105038821.651422,8388.11,10.57299079,1696
1145,2020-01-28 23:00:00,123011831.712795,8588.42,20.42515898,1688
1146,2020-01-31 23:00:00,116092416.17895,9279.81,17.4815999,1692
1147,2020-02-03 23:00:00,101484761.163056,9378.09,23.74587464,1683
1148,2020-02-06 23:00:00,106866528.80049,9162.14,31.51759356,1688
1149,2020-02-09 23:00:00,93796521.681006,9807.54,27.58066679,1696
1150,2020-02-12 23:00:00,108969442.265353,9854.79,35.47858608,1692
1151,2020-02-15 23:00:00,109742275.18922,10242.43,21.59936997,1692
1152,2020-02-18 23:00:00,108969442.265353,9937.67,31.4285617,1683
1153,2020-02-21 23:00:00,114379272.732427,9604.72,18.32436669,1700
1154,2020-02-24 23:00:00,111020255.745151,9669.63,24.54482939,1683
1155,2020-02-27 23:00:00,121637665.569937,9309.15,26.28258744,1692
1156,2020-03-01 23:00:00,114708937.784307,8712.35,22.93901727,1683
1157,2020-03-04 23:00:00,125486958.784175,8912.82,24.37165686,1696
1158,2020-03-07 23:00:00,121637665.569937,9067.39,16.14238732,1692
1159,2020-03-11 00:00:00,97919187.3154346,8039.38,29.56150425,1688
1160,2020-03-14 00:00:00,105324840.13761,7936.65,52.86649863,1692
1161,2020-03-17 00:00:00,101210588.569735,5166.26,62.25196409,1692
1162,2020-03-20 00:00:00,89690684.1796838,5357.61,79.98994299,1688
1163,2020-03-23 00:00:00,92159235.1204091,6226.44,51.42451024,1688
1164,2020-03-26 00:00:00,112492821.358516,6502.16,55.05597495,1688
1165,2020-03-29 00:00:00,104430893.576974,6763.75,21.0619088,1688
1166,2020-04-01 00:00:00,105814084.220377,5885.41,26.74327122,1700
1167,2020-04-04 00:00:00,108580465.507185,6652.87,16.67009774,1688
1168,2020-04-07 00:00:00,116188014.045904,6871.69,25.32409774,1688
